MOHAMED_SALAH,1:47:24,,,,,,,,,,,,,,,,,
JOEY-KING,18:03:50,,,,,,,,,,,,,,,,,
MILLICENT-SIMMONDS,3:42:08,,,,,,,,,,,,,,,,,
,,,,,,,,,,,,,,,,,2,not deserve
,,,,,,,,,,,,,,,,,,
,,,,,,,,,,,,,,,,,,
,,,,,,,,,,,,,,,,,,
LAMA,18:26:13,25/01/2021,,,,,,,,,,,,,,,,
LAMA,18:30:28,25/01/2021,,,,,,,,,,,,,,,,
LAMA,18:30:28,25/01/2021,,,,,,,,,,,,,,,,
LAMA,18:30:28,25/01/2021,,,,,,,,,,,,,,,,
LAMA,18:30:28,25/01/2021,,,,,,,,,,,,,,,,
LAMA,18:30:28,25/01/2021,,,,,,,,,,,,,,,,
LAMA,18:30:28,25/01/2021,,,,,,,,,,,,,,,,
LAMA,18:30:28,25/01/2021,,,,,,,,,,,,,,,,
LAMA,18:30:28,25/01/2021,,,,,,,,,,,,,,,,
LAMA,18:44:40,25/01/2021,,,,,,,,,,,,,,,,
LAMA,18:44:40,25/01/2021,,,,,,,,,,,,,,,,
LAMA,18:44:40,25/01/2021,,,,,,,,,,,,,,,,
LAMA,18:44:40,25/01/2021,,,,,,,,,,,,,,,,
LAMA,18:44:40,25/01/2021,,,,,,,,,,,,,,,,
LAMA,18:44:40,25/01/2021,,,,,,,,,,,,,,,,
LAMA,18:44:40,25/01/2021,,,,,,,,,,,,,,,,
LAMA,18:44:40,25/01/2021,,,,,,,,,,,,,,,,
LAMA,18:44:40,25/01/2021,,,,,,,,,,,,,,,,
LAMA,18:44:40,25/01/2021,,,,,,,,,,,,,,,,
LAMA,18:44:40,25/01/2021,,,,,,,,,,,,,,,,
LAMA,18:44:40,25/01/2021,,,,,,,,,,,,,,,,
LAMA,18:44:40,25/01/2021,,,,,,,,,,,,,,,,
LAMA,18:44:40,25/01/2021,,,,,,,,,,,,,,,,
,,,,,,,,,,,,,,,,,,
,,,,,,,,,,,,,,,,,,
,,,,,,,,,,,,,,,,,,

LAMA,18:56:28,25/01/2021
LAMA,18:57:30,25/01/2021
LAMA,19:01:05,25/01/2021
LAMA,19:02:41,25/01/2021
LAMA,19:05:26,25/01/2021
LAMA,22:06:08,25/01/2021
LAMA,22:11:33,25/01/2021
LAMA,22:23:29,25/01/2021
LAMA,22:32:51,25/01/2021
LAMA,22:36:04,25/01/2021